,CatBoost Baseline,CatBoost Baseline,CatBoost Baseline,CatBoost Drop,CatBoost Drop,CatBoost Drop
,Train,Validate,Test,Train,Validate,Test
TNR,0.862592481717487,0.857338351009237,0.8602900930487137,0.862934610614549,0.8510092370851865,0.8587848932676518
TPR,0.662512630515325,0.6576819407008087,0.646551724137931,0.6544291007073089,0.6159029649595688,0.6443965517241379
bACC,0.762552556116406,0.7575101458550229,0.7534209085933223,0.7586818556609289,0.7334561010223777,0.7515907224958949
ROC,0.8495491488139274,0.808327600690868,0.8018338429307516,0.8259876065852438,0.8007811455387285,0.8037945248947777
REC,0.662512630515325,0.6576819407008087,0.646551724137931,0.6544291007073089,0.6159029649595688,0.6443965517241379
PRE,0.37972972972972974,0.3691376701966717,0.3701418877236274,0.3774281274281274,0.3441265060240964,0.36687116564417177
AP,0.5363915147773093,0.4832450232604438,0.44677900570256945,0.514834061961138,0.46349690402044896,0.452306426776921
